Fecha,m,y,i,p,remes,tc
ene-95,51199.701000 ,65.102300 ,37.250000 ,15.376991 ,254.572400 ,5.513300 
feb-95,49790.401000 ,60.294200 ,41.690000 ,16.028707 ,248.060500 ,5.685400 
mar-95,48489.697000 ,62.929900 ,69.540000 ,16.973617 ,287.364500 ,6.701900 
abr-95,47552.861000 ,59.239100 ,74.750000 ,18.326133 ,298.913500 ,6.299600 
may-95,46208.179000 ,61.176800 ,59.170000 ,19.092090 ,357.739600 ,5.962700 
jun-95,47023.826000 ,61.082300 ,47.250000 ,19.698024 ,352.369500 ,6.223200 
jul-95,47948.195000 ,59.779200 ,40.940000 ,20.099588 ,342.899300 ,6.139400 
ago-95,47695.904000 ,61.068200 ,35.140000 ,20.432981 ,362.273900 ,6.190900 
sep-95,47229.417000 ,60.847700 ,33.460000 ,20.855643 ,314.149200 ,6.302500 
oct-95,48479.548000 ,60.218200 ,40.290000 ,21.284762 ,324.503300 ,6.691100 
nov-95,53630.092000 ,63.060200 ,53.160000 ,21.809608 ,255.592200 ,7.658400 
dic-95,66808.632000 ,65.413500 ,48.620000 ,22.520167 ,274.288300 ,7.659700 
ene-96,57939.380000 ,64.597400 ,40.990000 ,23.329754 ,313.509100 ,7.476000 
feb-96,57416.223000 ,63.250300 ,38.580000 ,23.874262 ,281.925700 ,7.524000 
mar-96,59381.972000 ,65.004400 ,41.450000 ,24.399826 ,337.318500 ,7.568700 
abr-96,57020.629000 ,63.822000 ,35.210000 ,25.093450 ,393.387700 ,7.461700 
may-96,60448.057000 ,66.569000 ,28.450000 ,25.550842 ,413.542000 ,7.432600 
jun-96,61592.260000 ,65.578200 ,27.810000 ,25.966902 ,365.245100 ,7.560400 
jul-96,61319.811000 ,65.912200 ,31.250000 ,26.336031 ,373.670500 ,7.620600 
ago-96,60961.975000 ,65.364600 ,26.510000 ,26.686072 ,386.066600 ,7.511500 
sep-96,61285.735000 ,65.037700 ,23.900000 ,27.112751 ,339.253300 ,7.544000 
oct-96,64179.599000 ,67.824600 ,25.750000 ,27.451168 ,348.901000 ,7.726300 
nov-96,69354.352000 ,68.559000 ,29.570000 ,27.867083 ,315.601600 ,7.906000 
dic-96,83991.071000 ,69.268500 ,27.230000 ,28.759336 ,355.260900 ,7.872000 
ene-97,76721.284000 ,67.922300 ,23.550000 ,29.498886 ,338.647700 ,7.827100 
feb-97,75966.700000 ,66.015700 ,19.800000 ,29.994598 ,331.591800 ,7.800300 
mar-97,79259.987000 ,67.088700 ,21.660000 ,30.367889 ,381.907200 ,7.964700 
abr-97,77957.542000 ,70.189400 ,21.350000 ,30.695972 ,425.538600 ,7.907400 
may-97,80683.760000 ,71.253600 ,18.420000 ,30.976119 ,486.689400 ,7.900600 
jun-97,80338.598000 ,70.717600 ,20.170000 ,31.250957 ,453.559600 ,7.950200 
jul-97,82743.572000 ,70.483900 ,18.800000 ,31.523211 ,441.686300 ,7.873300 
ago-97,82412.963000 ,70.028500 ,18.930000 ,31.803502 ,428.902200 ,7.782800 
sep-97,80640.215000 ,70.751600 ,18.020000 ,32.199613 ,431.467800 ,7.780500 
oct-97,84679.228000 ,73.237300 ,17.920000 ,32.456941 ,421.668100 ,7.860300 
nov-97,91062.806000 ,72.757900 ,20.160000 ,32.820042 ,343.430700 ,8.268900 
dic-97,108735.629000 ,73.780400 ,18.850000 ,33.279875 ,379.755000 ,8.121900 
ene-98,98998.035000 ,72.281300 ,17.950000 ,34.003924 ,382.531700 ,8.217700 
feb-98,97929.388000 ,71.267600 ,18.740000 ,34.599238 ,366.398200 ,8.501400 
mar-98,95415.386000 ,75.307500 ,19.850000 ,35.004533 ,427.194900 ,8.567600 
abr-98,98682.378000 ,72.952400 ,19.030000 ,35.332042 ,439.995000 ,8.496500 
may-98,101306.512000 ,75.138000 ,17.910000 ,35.613481 ,520.373900 ,8.593400 
jun-98,99023.172000 ,74.645200 ,19.500000 ,36.034420 ,503.487600 ,8.913100 
jul-98,102686.377000 ,74.614500 ,20.080000 ,36.381878 ,494.325600 ,8.896000 
ago-98,101366.131000 ,73.479300 ,22.640000 ,36.731632 ,486.607000 ,9.363300 
sep-98,99913.243000 ,73.767300 ,40.800000 ,37.327376 ,476.290500 ,10.230700 
oct-98,104952.696000 ,74.464200 ,34.860000 ,37.862269 ,454.673900 ,10.153600 
nov-98,108649.728000 ,74.443400 ,32.120000 ,38.532786 ,460.692400 ,9.968200 
dic-98,131108.754000 ,75.677400 ,33.660000 ,39.472974 ,614.271000 ,9.905700 
ene-99,121597.697000 ,74.283800 ,32.130000 ,40.469770 ,399.642300 ,10.135100 
feb-99,118703.399000 ,72.709400 ,28.760000 ,41.013643 ,388.851100 ,9.993900 
mar-99,124616.058000 ,76.992100 ,23.470000 ,41.394684 ,464.897700 ,9.731600 
abr-99,118254.068000 ,74.329200 ,20.290000 ,41.774577 ,469.182800 ,9.418500 
may-99,122188.242000 ,76.923000 ,19.890000 ,42.025877 ,571.562000 ,9.410500 
jun-99,121793.638000 ,76.556700 ,21.080000 ,42.302006 ,521.922500 ,9.513900 
jul-99,127277.755000 ,76.312600 ,19.780000 ,42.581580 ,506.664200 ,9.365700 
ago-99,125463.460000 ,75.670000 ,20.540000 ,42.821255 ,532.099700 ,9.396600 
sep-99,127433.524000 ,76.247800 ,19.710000 ,43.235018 ,490.482900 ,9.335800 
oct-99,133978.825000 ,76.454700 ,17.870000 ,43.508851 ,474.506900 ,9.566700 
nov-99,140288.088000 ,77.670100 ,16.960000 ,43.895776 ,502.007300 ,9.398800 
dic-99,188718.250000 ,78.053500 ,16.450000 ,44.335516 ,587.735300 ,9.424900 
ene-00,157161.287000 ,77.930000 ,16.190000 ,44.930830 ,456.245600 ,9.487800 
feb-00,150126.022000 ,77.367300 ,15.810000 ,45.329380 ,447.187000 ,9.425200 
mar-00,152919.896000 ,80.358000 ,13.660000 ,45.580681 ,494.450200 ,9.287600 
abr-00,158846.323000 ,77.007600 ,12.930000 ,45.840018 ,498.830800 ,9.390300 
may-00,157679.406000 ,82.343300 ,14.180000 ,46.011379 ,590.749600 ,9.515800 
jun-00,165529.481000 ,81.541500 ,15.650000 ,46.283920 ,541.577500 ,9.829500 
jul-00,162172.830000 ,79.629700 ,13.730000 ,46.464466 ,557.598000 ,9.421200 
ago-00,157692.618000 ,81.190700 ,15.230000 ,46.719785 ,608.061200 ,9.270900 
sep-00,161376.238000 ,80.164900 ,15.060000 ,47.061072 ,568.549300 ,9.354000 
oct-00,162822.860000 ,80.809600 ,15.880000 ,47.385136 ,559.523500 ,9.531400 
nov-00,175112.072000 ,80.916200 ,17.560000 ,47.790288 ,583.121800 ,9.500400 
dic-00,208879.867000 ,79.498300 ,17.050000 ,48.307671 ,666.848500 ,9.465900 
ene-01,181718.698000 ,79.423500 ,17.890000 ,48.575476 ,654.982000 ,9.776600 
feb-01,175896.436000 ,76.419300 ,17.340000 ,48.543328 ,637.673700 ,9.704500 
mar-01,176028.084000 ,80.767900 ,15.800000 ,48.850888 ,718.055000 ,9.600600 
abr-01,174570.670000 ,77.531200 ,14.960000 ,49.097309 ,734.805800 ,9.326800 
may-01,178269.919000 ,81.784100 ,11.950000 ,49.209970 ,798.243800 ,9.137200 
jun-01,180702.903000 ,80.607000 ,9.430000 ,49.326364 ,747.837000 ,9.086700 
jul-01,178256.186000 ,79.325300 ,9.390000 ,49.198202 ,796.595100 ,9.161800 
ago-01,178960.066000 ,80.587000 ,7.510000 ,49.489688 ,789.307500 ,9.130700 
sep-01,182150.763000 ,78.269600 ,9.320000 ,49.950381 ,772.080300 ,9.418900 
oct-01,181038.815000 ,79.973600 ,8.360000 ,50.176135 ,792.829500 ,9.345000 
nov-01,193892.127000 ,80.093900 ,7.430000 ,50.365149 ,693.822400 ,9.223600 
dic-01,225222.732000 ,79.092500 ,6.290000 ,50.434899 ,759.031800 ,9.156100 
ene-02,206861.996000 ,77.386300 ,6.970000 ,50.900472 ,711.043000 ,9.161600 
feb-02,202219.512000 ,75.109300 ,7.910000 ,50.867750 ,718.865000 ,9.099800 
mar-02,215888.760000 ,77.122300 ,7.230000 ,51.127948 ,744.527000 ,9.070700 
abr-02,201136.312000 ,80.830200 ,5.760000 ,51.407235 ,805.872000 ,9.162900 
may-02,209329.007000 ,82.069900 ,6.610000 ,51.511429 ,912.205000 ,9.519200 
jun-02,211830.242000 ,79.721300 ,7.300000 ,51.762586 ,860.003000 ,9.765200 
jul-02,209417.287000 ,79.927200 ,7.380000 ,51.911181 ,843.073800 ,9.780800 
ago-02,210266.104000 ,80.305800 ,6.680000 ,52.108560 ,849.137600 ,9.839600 
sep-02,210993.609000 ,78.380200 ,7.340000 ,52.421984 ,860.599700 ,10.071400 
oct-02,213941.744000 ,81.607700 ,7.660000 ,52.653036 ,848.283000 ,10.095000 
nov-02,227456.663000 ,80.095200 ,7.300000 ,53.078877 ,741.438000 ,10.197500 
dic-02,263936.897000 ,80.490500 ,6.880000 ,53.309930 ,919.401000 ,10.224900 
ene-03,246101.980000 ,79.272400 ,8.270000 ,53.525441 ,1051.254700 ,10.620300 
feb-03,241402.098000 ,77.175500 ,9.040000 ,53.674122 ,979.759700 ,10.937200 
mar-03,237849.553000 ,80.339800 ,9.170000 ,54.012930 ,1139.112400 ,10.912400 
abr-03,243730.756000 ,79.950900 ,7.860000 ,54.105144 ,1202.509700 ,10.591700 
may-03,246356.274000 ,82.288400 ,5.250000 ,53.930560 ,1350.966900 ,10.251200 
jun-03,240017.485000 ,81.443400 ,5.200000 ,53.975112 ,1351.170700 ,10.504700 
jul-03,242514.288000 ,80.935700 ,4.570000 ,54.053339 ,1361.362000 ,10.450200 
ago-03,242435.364000 ,79.419900 ,4.450000 ,54.215490 ,1401.246200 ,10.781100 
sep-03,238702.501000 ,79.188800 ,4.730000 ,54.538238 ,1365.508500 ,10.926900 
oct-03,247925.945000 ,81.879100 ,5.110000 ,54.738207 ,1391.011200 ,11.174800 
nov-03,260002.337000 ,80.634500 ,4.990000 ,55.192542 ,1203.708400 ,11.145000 
dic-03,303614.089000 ,83.330300 ,6.060000 ,55.429811 ,1341.076100 ,11.248600 
ene-04,278373.115000 ,80.930100 ,4.950000 ,55.774317 ,1081.863500 ,10.915100 
feb-04,273567.978000 ,79.193900 ,5.570000 ,56.107945 ,1171.773700 ,11.014200 
mar-04,267424.553000 ,84.927900 ,6.280000 ,56.298071 ,1480.224000 ,11.009400 
abr-04,273090.802000 ,82.936200 ,5.980000 ,56.383032 ,1513.515100 ,11.275100 
may-04,276652.472000 ,85.239100 ,6.590000 ,56.241603 ,1770.397800 ,11.512400 
jun-04,278847.001000 ,85.620900 ,6.570000 ,56.331745 ,1684.724800 ,11.389400 
jul-04,281999.486000 ,82.940200 ,6.810000 ,56.479390 ,1654.376000 ,11.463600 
ago-04,277136.443000 ,83.132400 ,7.210000 ,56.828041 ,1786.807800 ,11.394200 
sep-04,280788.968000 ,82.197500 ,7.360000 ,57.297917 ,1586.840700 ,11.486400 
oct-04,285219.272000 ,84.362600 ,7.760000 ,57.694747 ,1529.947700 ,11.398300 
nov-04,294824.968000 ,85.941500 ,8.200000 ,58.186899 ,1506.164400 ,11.368100 
dic-04,340177.672000 ,86.230500 ,8.500000 ,58.307088 ,1565.112300 ,11.204100 
ene-05,316646.595000 ,82.258400 ,8.600000 ,58.309160 ,1367.556300 ,11.260700 
feb-05,307241.459000 ,80.899500 ,9.150000 ,58.503431 ,1428.377000 ,11.136700 
mar-05,311855.795000 ,83.626400 ,9.410000 ,58.767121 ,1691.589600 ,11.142700 
abr-05,306993.402000 ,86.593700 ,9.630000 ,58.976415 ,1753.303200 ,11.116300 
may-05,307690.103000 ,87.888900 ,9.750000 ,58.828251 ,2057.277300 ,10.973300 
jun-05,314148.930000 ,86.352100 ,9.630000 ,58.771783 ,1923.280200 ,10.822800 
jul-05,315321.675000 ,83.784200 ,9.610000 ,59.001800 ,1840.300600 ,10.678100 
ago-05,306032.898000 ,86.431200 ,9.600000 ,59.072255 ,2059.222900 ,10.688200 
sep-05,312474.667000 ,84.642500 ,9.210000 ,59.309006 ,1885.990500 ,10.777500 
oct-05,316469.239000 ,86.853100 ,8.910000 ,59.454580 ,1862.277600 ,10.832400 
nov-05,327169.713000 ,88.657300 ,8.710000 ,59.882493 ,1886.953800 ,10.668500 
dic-05,380033.691000 ,89.151100 ,8.220000 ,60.250312 ,1932.142000 ,10.629500 
ene-06,354740.855000 ,87.045600 ,7.880000 ,60.603626 ,1758.305700 ,10.547000 
feb-06,346431.301000 ,84.083000 ,7.610000 ,60.696358 ,1823.189800 ,10.483300 
mar-06,353043.830000 ,89.540100 ,7.370000 ,60.772512 ,2152.836200 ,10.746800 
abr-06,357800.129000 ,87.102500 ,7.170000 ,60.861617 ,2072.701700 ,11.042100 
may-06,358023.879000 ,93.139400 ,7.020000 ,60.590675 ,2534.599000 ,11.092300 
jun-06,369072.338000 ,91.368600 ,7.020000 ,60.642998 ,2340.262300 ,11.391300 
jul-06,368681.007000 ,88.358900 ,7.030000 ,60.809294 ,2191.646900 ,10.985800 
ago-06,363431.699000 ,90.246200 ,7.030000 ,61.119609 ,2334.283500 ,10.872000 
sep-06,367139.801000 ,87.869100 ,7.060000 ,61.736612 ,2140.958600 ,10.985300 
oct-06,368270.537000 ,91.597500 ,7.050000 ,62.006519 ,2316.524400 ,10.897100 
nov-06,395512.706000 ,91.145200 ,7.040000 ,62.331857 ,1962.802000 ,10.917700 
dic-06,449821.289000 ,90.861400 ,7.040000 ,62.692424 ,1938.724900 ,10.847900 
ene-07,409947.749000 ,88.777300 ,7.040000 ,63.016208 ,1872.929200 ,10.952900 
feb-07,399603.547000 ,85.768300 ,7.040000 ,63.192347 ,1856.778200 ,10.999800 
mar-07,409813.851000 ,91.422100 ,7.040000 ,63.329113 ,2186.523900 ,11.113900 
abr-07,400645.809000 ,89.320600 ,7.010000 ,63.291295 ,2166.564000 ,10.980600 
may-07,407228.336000 ,94.322400 ,7.240000 ,62.982534 ,2411.769400 ,10.816700 
jun-07,408726.848000 ,93.534600 ,7.200000 ,63.058170 ,2300.575500 ,10.835000 
jul-07,408166.585000 ,91.411000 ,7.190000 ,63.326005 ,2369.489200 ,10.810900 
ago-07,410822.206000 ,92.217300 ,7.200000 ,63.583996 ,2412.125100 ,11.045600 
sep-07,412441.187000 ,89.475200 ,7.210000 ,64.077703 ,2186.133400 ,11.031500 
oct-07,417007.796000 ,95.280000 ,7.200000 ,64.327405 ,2367.642800 ,10.823100 
nov-07,431863.490000 ,93.809200 ,7.440000 ,64.781221 ,1958.521700 ,10.886600 
dic-07,494743.458000 ,92.457200 ,7.440000 ,65.049056 ,1969.765700 ,10.848400 
ene-08,459689.002000 ,90.954400 ,7.420000 ,65.350564 ,1781.699600 ,10.910000 
feb-08,447828.092000 ,88.989300 ,7.430000 ,65.544834 ,1859.711600 ,10.766500 
mar-08,447711.242000 ,89.053300 ,7.430000 ,66.019891 ,2116.346500 ,10.731300 
abr-08,445503.346000 ,94.715300 ,7.440000 ,66.170127 ,2184.685400 ,10.515400 
may-08,451301.896000 ,94.864300 ,7.440000 ,66.098635 ,2371.624500 ,10.435200 
jun-08,447614.269000 ,94.455900 ,7.560000 ,66.372168 ,2264.586800 ,10.329200 
jul-08,463302.998000 ,94.159300 ,7.930000 ,66.742059 ,2183.156900 ,10.215500 
ago-08,462796.940000 ,91.493100 ,8.180000 ,67.127492 ,2097.565000 ,10.109500 
sep-08,458615.354000 ,90.576500 ,8.170000 ,67.584935 ,2113.802200 ,10.643700 
oct-08,477702.485000 ,95.506800 ,7.740000 ,68.045486 ,2637.712900 ,12.631400 
nov-08,504670.542000 ,92.042700 ,7.430000 ,68.818942 ,1752.184100 ,13.114000 
dic-08,577542.277000 ,91.895100 ,8.020000 ,69.295552 ,1781.909700 ,13.422600 
ene-09,548576.456000 ,84.895900 ,7.590000 ,69.456149 ,1572.975100 ,13.892100 
feb-09,539231.506000 ,81.841000 ,7.120000 ,69.609494 ,1810.791300 ,14.596600 
mar-09,533819.278000 ,86.873600 ,7.030000 ,70.009950 ,2115.106200 ,14.669500 
abr-09,537331.410000 ,84.310700 ,6.050000 ,70.254990 ,1794.798400 ,13.436700 
may-09,536606.477000 ,86.081600 ,5.290000 ,70.050358 ,1905.498300 ,13.162100 
jun-09,531629.602000 ,88.184300 ,4.980000 ,70.179354 ,1934.021200 ,13.341800 
jul-09,541061.603000 ,88.731700 ,4.590000 ,70.370516 ,1850.227400 ,13.365400 
ago-09,529495.386000 ,86.553600 ,4.490000 ,70.538884 ,1799.403800 ,13.008000 
sep-09,524785.931000 ,86.503700 ,4.480000 ,70.892716 ,1747.212700 ,13.421200 
oct-09,534520.513000 ,91.120500 ,4.510000 ,71.107191 ,1695.957500 ,13.225700 
nov-09,547652.896000 ,91.249000 ,4.510000 ,71.476046 ,1510.820200 ,13.109400 
dic-09,631937.880000 ,91.856200 ,4.500000 ,71.771855 ,1569.520600 ,12.863100 
ene-10,600421.918000 ,86.867000 ,4.490000 ,72.552046 ,1323.824100 ,12.801900 
feb-10,584170.708000 ,85.227200 ,4.490000 ,72.971671 ,1553.458500 ,12.942400 
mar-10,597193.947000 ,92.292200 ,4.450000 ,73.489725 ,1954.846200 ,12.573700 
abr-10,574362.947000 ,90.581800 ,4.440000 ,73.255565 ,1794.770400 ,12.230200 
may-10,582623.188000 ,92.300000 ,4.520000 ,72.793978 ,2146.206400 ,12.742800 
jun-10,577815.451000 ,93.231000 ,4.590000 ,72.771183 ,1894.886900 ,12.719300 
jul-10,593182.402000 ,92.328600 ,4.600000 ,72.929190 ,1874.440200 ,12.818900 
ago-10,584119.067000 ,91.562200 ,4.520000 ,73.131750 ,1957.735700 ,12.769500 
sep-10,588091.817000 ,90.556500 ,4.430000 ,73.515110 ,1718.960300 ,12.799700 
oct-10,590029.643000 ,93.845300 ,4.030000 ,73.968926 ,1731.032200 ,12.437400 
nov-10,605690.050000 ,95.969300 ,3.970000 ,74.561581 ,1631.894100 ,12.339100 
dic-10,693423.114000 ,95.596200 ,4.300000 ,74.930954 ,1721.827000 ,12.388500 
ene-11,648030.446000 ,90.205600 ,4.140000 ,75.295991 ,1403.169400 ,12.125800 
feb-11,638281.570000 ,88.569000 ,4.040000 ,75.578460 ,1651.056600 ,12.070300 
mar-11,634711.772000 ,95.829300 ,4.270000 ,75.723451 ,2055.912500 ,11.999200 
abr-11,645582.013000 ,91.600200 ,4.280000 ,75.717441 ,1880.894800 ,11.718400 
may-11,637597.245000 ,95.946300 ,4.310000 ,75.159264 ,2168.507800 ,11.653300 
jun-11,635323.256000 ,96.488600 ,4.370000 ,75.155508 ,2022.311200 ,11.806000 
jul-11,645656.105000 ,95.218000 ,4.140000 ,75.516107 ,1906.707800 ,11.672600 
ago-11,635301.021000 ,96.539000 ,4.050000 ,75.635555 ,2143.895600 ,12.231900 
sep-11,643273.709000 ,94.102000 ,4.230000 ,75.821113 ,2085.970300 ,13.044500 
oct-11,651531.413000 ,97.437600 ,4.360000 ,76.332712 ,1912.640100 ,13.435000 
nov-11,675504.053000 ,101.082800 ,4.350000 ,77.158333 ,1785.873900 ,13.699300 
dic-11,763490.940000 ,98.814800 ,4.340000 ,77.792385 ,1786.031600 ,13.768900 
ene-12,724693.774000 ,94.675000 ,4.270000 ,78.343049 ,1506.326400 ,13.417800 
feb-12,711443.511000 ,94.079400 ,4.320000 ,78.502314 ,1788.234600 ,12.783100 
mar-12,723848.484000 ,99.091400 ,4.240000 ,78.547389 ,2091.665500 ,12.756700 
abr-12,732243.958000 ,95.479200 ,4.290000 ,78.300980 ,2031.503300 ,13.069700 
may-12,742959.467000 ,100.314700 ,4.390000 ,78.053819 ,2342.505300 ,13.663400 
jun-12,748818.171000 ,99.685200 ,4.340000 ,78.413667 ,2096.139500 ,13.919200 
jul-12,747220.613000 ,99.310300 ,4.150000 ,78.853897 ,1862.701400 ,13.366100 
ago-12,737859.785000 ,99.098700 ,4.130000 ,79.090540 ,1889.655800 ,13.184500 
sep-12,728580.289000 ,95.188900 ,4.170000 ,79.439119 ,1661.584200 ,12.939400 
oct-12,740223.965000 ,101.859300 ,4.210000 ,79.841036 ,1771.310800 ,12.891000 
nov-12,758617.346000 ,104.387200 ,4.290000 ,80.383437 ,1692.252900 ,13.074600 
dic-12,845395.608000 ,100.531900 ,4.050000 ,80.568243 ,1704.442300 ,12.870500 
ene-13,787097.788000 ,97.967400 ,4.150000 ,80.892782 ,1530.949300 ,12.699000 
feb-13,778364.154000 ,94.671800 ,4.190000 ,81.290943 ,1653.793300 ,12.722900 
mar-13,803483.379000 ,97.067300 ,3.980000 ,81.887433 ,1855.585600 ,12.524700 
abr-13,764627.974000 ,99.919900 ,3.820000 ,81.941523 ,1990.628900 ,12.205000 
may-13,772198.529000 ,102.280500 ,3.720000 ,81.668820 ,2105.170700 ,12.311500 
jun-13,773244.201000 ,99.522500 ,3.780000 ,81.619238 ,2001.229600 ,12.959600 
jul-13,769509.433000 ,100.810400 ,3.850000 ,81.592193 ,1890.277200 ,12.765900 
ago-13,769244.753000 ,100.273200 ,3.840000 ,81.824328 ,1953.630400 ,12.917800 
sep-13,769835.448000 ,96.805900 ,3.640000 ,82.132340 ,1828.327400 ,13.075900 
oct-13,779988.436000 ,103.667800 ,3.390000 ,82.522988 ,1911.998300 ,12.999200 
nov-13,821135.896000 ,104.228300 ,3.390000 ,83.292265 ,1731.663700 ,13.079600 
dic-13,917875.175000 ,102.785000 ,3.290000 ,83.770058 ,1849.496600 ,13.007600 
ene-14,869142.994000 ,98.692200 ,3.140000 ,84.519052 ,1642.223200 ,13.223000 
feb-14,864384.885000 ,96.926600 ,3.160000 ,84.733157 ,1719.244500 ,13.280800 
mar-14,858037.679000 ,101.107400 ,3.170000 ,84.965292 ,2098.259200 ,13.195100 
abr-14,873152.161000 ,100.322900 ,3.230000 ,84.806779 ,1976.367300 ,13.070800 
may-14,875565.293000 ,104.897800 ,3.280000 ,84.535579 ,2146.954300 ,12.924700 
jun-14,875844.658000 ,102.807600 ,3.020000 ,84.682072 ,2043.455300 ,12.995800 
jul-14,887166.515000 ,104.039500 ,2.830000 ,84.914959 ,1998.184800 ,12.990400 
ago-14,886285.426000 ,101.749500 ,2.770000 ,85.219965 ,2004.331000 ,13.140600 
sep-14,883140.826000 ,100.004300 ,2.830000 ,85.596340 ,1965.067400 ,13.235200 
oct-14,908610.791000 ,106.894500 ,2.900000 ,86.069626 ,2042.137700 ,13.476300 
nov-14,944939.081000 ,106.436700 ,2.850000 ,86.763778 ,1776.046400 ,13.621600 
dic-14,1062892.005000 ,107.008600 ,2.810000 ,87.188984 ,2235.012700 ,14.512900 
ene-15,1024724.921000 ,102.298400 ,2.670000 ,87.110103 ,1626.826500 ,14.692600 
feb-15,1025434.231000 ,99.923900 ,2.810000 ,87.275377 ,1842.517400 ,14.921300 
mar-15,1064272.698000 ,104.732400 ,3.040000 ,87.630717 ,2254.273200 ,15.228300 
abr-15,1046381.607000 ,103.643100 ,2.970000 ,87.403840 ,2006.188200 ,15.226200 
may-15,1057903.659000 ,106.148800 ,2.980000 ,86.967366 ,2191.058700 ,15.264500 
jun-15,1054390.499000 ,107.057700 ,2.960000 ,87.113108 ,2156.008700 ,15.483000 
jul-15,1071939.313000 ,107.280800 ,2.990000 ,87.240820 ,2234.885100 ,15.939600 
ago-15,1078993.591000 ,105.381500 ,3.040000 ,87.424875 ,2253.148700 ,16.536800 
sep-15,1072556.866000 ,104.879900 ,3.100000 ,87.752419 ,2055.132400 ,16.857800 
oct-15,1095608.243000 ,109.277800 ,3.020000 ,88.203919 ,2068.816100 ,16.564000 
nov-15,1118916.442000 ,108.894400 ,3.020000 ,88.685468 ,1895.181300 ,16.635700 
dic-15,1239327.041000 ,109.870200 ,3.140000 ,89.046818 ,2200.736300 ,17.066600 
ene-16,1203744.198000 ,104.577200 ,3.080000 ,89.386381 ,1932.497900 ,18.072800 
feb-16,1190668.406000 ,104.855000 ,3.360000 ,89.777781 ,2082.215100 ,18.473100 
mar-16,1214340.926000 ,105.990400 ,3.800000 ,89.910001 ,2191.136300 ,17.649000 
abr-16,1200801.859000 ,107.347800 ,3.740000 ,89.625278 ,2171.301500 ,17.487700 
may-16,1221642.781000 ,109.157200 ,3.810000 ,89.225615 ,2478.210100 ,18.154200 
jun-16,1235273.746000 ,110.378500 ,3.810000 ,89.324028 ,2312.313600 ,18.653000 
jul-16,1251299.734000 ,107.775300 ,4.210000 ,89.556914 ,2248.624800 ,18.601400 
ago-16,1243634.166000 ,109.164500 ,4.240000 ,89.809333 ,2269.288800 ,18.474900 
sep-16,1251257.900000 ,106.306000 ,4.280000 ,90.357744 ,2374.070700 ,19.192400 
oct-16,1266174.904000 ,110.954300 ,4.690000 ,90.906154 ,2220.197100 ,18.892400 
nov-16,1306229.771000 ,114.056300 ,5.150000 ,91.616834 ,2370.965500 ,20.118500 
dic-16,1419753.503000 ,113.492800 ,5.610000 ,92.039035 ,2342.460200 ,20.520600 
ene-17,1382790.720000 ,108.697400 ,5.830000 ,93.603882 ,2147.896200 ,21.385300 
feb-17,1367859.767000 ,105.479600 ,6.060000 ,94.144780 ,2141.928600 ,20.290500 
mar-17,1369314.609000 ,111.970500 ,6.320000 ,94.722489 ,2618.435600 ,19.301000 
abr-17,1378915.378000 ,106.496200 ,6.500000 ,94.838933 ,2404.448500 ,18.787500 
may-17,1374295.827000 ,112.888700 ,6.560000 ,94.725494 ,2694.825200 ,18.755700 
jun-17,1371216.535000 ,113.154900 ,6.820000 ,94.963640 ,2552.346700 ,18.132600 
jul-17,1369986.826000 ,109.128700 ,6.990000 ,95.322736 ,2599.978500 ,17.828300 
ago-17,1353026.215000 ,111.979900 ,6.940000 ,95.793768 ,2617.607300 ,17.807000 
sep-17,1352869.144000 ,106.682200 ,6.990000 ,96.093515 ,2489.214000 ,17.835700 
oct-17,1368872.328000 ,112.700300 ,7.030000 ,96.698269 ,2842.502800 ,18.816100 
nov-17,1405915.353000 ,115.929900 ,7.020000 ,97.695174 ,2420.810400 ,18.915800 
dic-17,1542611.150000 ,114.774800 ,7.170000 ,98.272883 ,2760.551300 ,19.181200 
ene-18,1481027.340000 ,110.856800 ,7.250000 ,98.795000 ,2267.623000 ,18.907400 
feb-18,1475977.346000 ,107.813600 ,7.400000 ,99.171374 ,2244.442900 ,18.644900 
mar-18,1519655.129000 ,111.174700 ,7.470000 ,99.492157 ,2674.857500 ,18.630800 
abr-18,1492536.593000 ,111.251800 ,7.460000 ,99.154847 ,2760.945500 ,18.387200 
may-18,1502800.404000 ,115.395900 ,7.510000 ,98.994080 ,3155.952000 ,19.591000 
jun-18,1532412.481000 ,114.460600 ,7.640000 ,99.376465 ,3140.665300 ,20.303200 
jul-18,1526363.143000 ,112.865400 ,7.730000 ,99.909099 ,2858.003700 ,19.009500 
ago-18,1518453.527000 ,113.973900 ,7.730000 ,100.492000 ,2883.364000 ,18.857500 
sep-18,1506101.408000 ,108.837600 ,7.690000 ,100.917000 ,2718.097500 ,19.015400 
oct-18,1525826.761000 ,115.950100 ,7.690000 ,101.440000 ,3017.333900 ,19.185900 
nov-18,1564619.117000 ,118.037300 ,7.830000 ,102.303000 ,2964.771100 ,20.261200 
dic-18,1673205.362000 ,114.802500 ,8.020000 ,103.020000 ,2991.170800 ,20.111200 
ene-19,1602739.439000 ,112.138600 ,7.950000 ,103.108000 ,2455.587500 ,19.165100 
feb-19,1577930.231000 ,108.855900 ,7.930000 ,103.079000 ,2438.398600 ,19.204900 
mar-19,1559571.976000 ,112.649200 ,8.020000 ,103.476000 ,2957.970700 ,19.247700 
abr-19,1569275.220000 ,109.642900 ,7.780000 ,103.531000 ,2937.043500 ,18.986400 
may-19,1572136.933000 ,114.963600 ,8.070000 ,103.233000 ,3282.057400 ,19.119700 
jun-19,1573605.005000 ,113.401800 ,8.250000 ,103.299000 ,3183.503500 ,19.274500 
jul-19,1560512.067000 ,113.238300 ,8.140000 ,103.687000 ,3270.299700 ,19.053400 
